-- =============================================
-- Dataset: Universidad EAFIT - DatAI
-- Contexto: Sistema academico universitario
-- =============================================

CREATE TABLE departamentos (
  id INTEGER PRIMARY KEY,
  nombre TEXT NOT NULL,
  facultad TEXT NOT NULL,
  director TEXT,
  presupuesto_anual REAL
);

INSERT INTO departamentos VALUES
(1, 'Ingenieria de Sistemas', 'Ingenieria', 'Carlos Mejia', 850000000),
(2, 'Administracion de Empresas', 'Ciencias Economicas', 'Laura Gomez', 620000000),
(3, 'Economia', 'Ciencias Economicas', 'Andres Restrepo', 540000000),
(4, 'Derecho', 'Ciencias Juridicas', 'Maria Fernanda Lopez', 480000000),
(5, 'Psicologia', 'Ciencias Humanas', 'Patricia Velez', 390000000),
(6, 'Ingenieria Mecanica', 'Ingenieria', 'Roberto Henao', 780000000),
(7, 'Matematicas', 'Ciencias Basicas', 'Diana Cardona', 320000000),
(8, 'Comunicacion Social', 'Ciencias Humanas', 'Felipe Arango', 410000000);

CREATE TABLE profesores (
  id INTEGER PRIMARY KEY,
  nombre TEXT NOT NULL,
  apellido TEXT NOT NULL,
  email TEXT UNIQUE,
  departamento_id INTEGER,
  titulo TEXT,
  anios_experiencia INTEGER,
  salario REAL,
  fecha_contratacion TEXT,
  FOREIGN KEY (departamento_id) REFERENCES departamentos(id)
);

INSERT INTO profesores VALUES
(1, 'Juan', 'Perez', 'jperez@eafit.edu.co', 1, 'PhD Ciencias de la Computacion', 15, 8500000, '2010-01-15'),
(2, 'Maria', 'Rodriguez', 'mrodriguez@eafit.edu.co', 1, 'MSc Ingenieria de Software', 8, 6200000, '2017-02-01'),
(3, 'Carlos', 'Martinez', 'cmartinez@eafit.edu.co', 2, 'PhD Administracion', 20, 9100000, '2005-08-10'),
(4, 'Ana', 'Garcia', 'agarcia@eafit.edu.co', 3, 'PhD Economia', 12, 7800000, '2013-03-20'),
(5, 'Luis', 'Hernandez', 'lhernandez@eafit.edu.co', 1, 'MSc Inteligencia Artificial', 5, 5500000, '2020-01-10'),
(6, 'Sandra', 'Lopez', 'slopez@eafit.edu.co', 4, 'PhD Derecho Internacional', 18, 8900000, '2007-06-01'),
(7, 'Pedro', 'Gonzalez', 'pgonzalez@eafit.edu.co', 5, 'PhD Psicologia Clinica', 10, 7200000, '2015-09-15'),
(8, 'Diana', 'Torres', 'dtorres@eafit.edu.co', 6, 'PhD Ingenieria Mecanica', 14, 8300000, '2011-04-20'),
(9, 'Andres', 'Ramirez', 'aramirez@eafit.edu.co', 7, 'PhD Matematicas Aplicadas', 22, 9500000, '2003-02-01'),
(10, 'Patricia', 'Moreno', 'pmoreno@eafit.edu.co', 2, 'MSc Marketing Digital', 6, 5800000, '2019-08-01'),
(11, 'Roberto', 'Castro', 'rcastro@eafit.edu.co', 8, 'PhD Comunicacion', 9, 6800000, '2016-11-10'),
(12, 'Carolina', 'Ruiz', 'cruiz@eafit.edu.co', 1, 'PhD Ciencia de Datos', 7, 7000000, '2018-03-15');

CREATE TABLE cursos (
  id INTEGER PRIMARY KEY,
  codigo TEXT UNIQUE NOT NULL,
  nombre TEXT NOT NULL,
  creditos INTEGER NOT NULL,
  departamento_id INTEGER,
  profesor_id INTEGER,
  semestre TEXT,
  max_estudiantes INTEGER DEFAULT 35,
  modalidad TEXT DEFAULT 'Presencial',
  FOREIGN KEY (departamento_id) REFERENCES departamentos(id),
  FOREIGN KEY (profesor_id) REFERENCES profesores(id)
);

INSERT INTO cursos VALUES
(1, 'IS101', 'Introduccion a la Programacion', 4, 1, 2, '2025-1', 40, 'Presencial'),
(2, 'IS201', 'Bases de Datos', 3, 1, 1, '2025-1', 35, 'Presencial'),
(3, 'IS301', 'Inteligencia Artificial', 3, 1, 5, '2025-1', 30, 'Hibrido'),
(4, 'IS401', 'Ingenieria de Software', 4, 1, 2, '2025-1', 35, 'Presencial'),
(5, 'AD101', 'Fundamentos de Administracion', 3, 2, 3, '2025-1', 45, 'Presencial'),
(6, 'AD201', 'Marketing Digital', 3, 2, 10, '2025-1', 40, 'Virtual'),
(7, 'EC101', 'Microeconomia', 4, 3, 4, '2025-1', 35, 'Presencial'),
(8, 'EC201', 'Econometria', 3, 3, 4, '2025-1', 30, 'Hibrido'),
(9, 'DE101', 'Introduccion al Derecho', 4, 4, 6, '2025-1', 50, 'Presencial'),
(10, 'PS101', 'Psicologia General', 3, 5, 7, '2025-1', 40, 'Presencial'),
(11, 'IM101', 'Mecanica de Solidos', 4, 6, 8, '2025-1', 30, 'Presencial'),
(12, 'MA101', 'Calculo Diferencial', 4, 7, 9, '2025-1', 45, 'Presencial'),
(13, 'MA201', 'Estadistica', 3, 7, 9, '2025-1', 40, 'Hibrido'),
(14, 'CO101', 'Comunicacion y Medios', 3, 8, 11, '2025-1', 35, 'Presencial'),
(15, 'IS501', 'Ciencia de Datos', 3, 1, 12, '2025-1', 30, 'Hibrido'),
(16, 'IS102', 'Estructuras de Datos', 4, 1, 1, '2025-1', 35, 'Presencial'),
(17, 'AD301', 'Finanzas Corporativas', 3, 2, 3, '2025-1', 35, 'Presencial'),
(18, 'EC301', 'Economia Colombiana', 3, 3, 4, '2025-1', 30, 'Virtual');

CREATE TABLE estudiantes (
  id INTEGER PRIMARY KEY,
  nombre TEXT NOT NULL,
  apellido TEXT NOT NULL,
  email TEXT UNIQUE,
  fecha_nacimiento TEXT,
  ciudad_origen TEXT,
  departamento_id INTEGER,
  semestre_actual INTEGER,
  promedio REAL,
  beca INTEGER DEFAULT 0,
  fecha_ingreso TEXT,
  estado TEXT DEFAULT 'Activo',
  FOREIGN KEY (departamento_id) REFERENCES departamentos(id)
);

INSERT INTO estudiantes VALUES
(1, 'Santiago', 'Arias', 'sarias@eafit.edu.co', '2003-05-12', 'Medellin', 1, 5, 4.2, 1, '2022-01-15', 'Activo'),
(2, 'Valentina', 'Bedoya', 'vbedoya@eafit.edu.co', '2004-01-23', 'Bogota', 1, 3, 3.8, 0, '2023-01-15', 'Activo'),
(3, 'Mateo', 'Cardona', 'mcardona@eafit.edu.co', '2002-11-05', 'Medellin', 2, 7, 4.5, 1, '2021-01-15', 'Activo'),
(4, 'Isabella', 'Duque', 'iduque@eafit.edu.co', '2003-08-17', 'Cali', 3, 5, 3.5, 0, '2022-01-15', 'Activo'),
(5, 'Samuel', 'Echeverri', 'secheverri@eafit.edu.co', '2004-03-30', 'Medellin', 1, 3, 4.0, 0, '2023-01-15', 'Activo'),
(6, 'Mariana', 'Franco', 'mfranco@eafit.edu.co', '2003-07-08', 'Manizales', 4, 5, 4.3, 1, '2022-01-15', 'Activo'),
(7, 'Daniel', 'Gutierrez', 'dgutierrez@eafit.edu.co', '2002-12-14', 'Barranquilla', 5, 7, 3.9, 0, '2021-01-15', 'Activo'),
(8, 'Lucia', 'Herrera', 'lherrera@eafit.edu.co', '2004-06-22', 'Medellin', 1, 3, 4.7, 1, '2023-01-15', 'Activo'),
(9, 'Alejandro', 'Isaza', 'aisaza@eafit.edu.co', '2003-02-09', 'Pereira', 6, 5, 3.6, 0, '2022-01-15', 'Activo'),
(10, 'Gabriela', 'Jaramillo', 'gjaramillo@eafit.edu.co', '2003-10-28', 'Medellin', 2, 5, 4.1, 0, '2022-01-15', 'Activo'),
(11, 'Nicolas', 'Londono', 'nlondono@eafit.edu.co', '2004-04-15', 'Bucaramanga', 7, 3, 3.3, 0, '2023-01-15', 'Activo'),
(12, 'Sofia', 'Mejia', 'smejia@eafit.edu.co', '2002-09-03', 'Medellin', 1, 7, 4.6, 1, '2021-01-15', 'Activo'),
(13, 'Tomas', 'Naranjo', 'tnaranjo@eafit.edu.co', '2003-01-17', 'Cartagena', 8, 5, 3.7, 0, '2022-01-15', 'Activo'),
(14, 'Camila', 'Ospina', 'cospina@eafit.edu.co', '2004-08-06', 'Medellin', 3, 3, 4.4, 1, '2023-01-15', 'Activo'),
(15, 'Sebastian', 'Parra', 'sparra@eafit.edu.co', '2003-05-25', 'Bogota', 1, 5, 3.2, 0, '2022-01-15', 'Activo'),
(16, 'Laura', 'Quintero', 'lquintero@eafit.edu.co', '2002-07-12', 'Medellin', 2, 7, 4.8, 1, '2021-01-15', 'Activo'),
(17, 'Felipe', 'Restrepo', 'frestrepo@eafit.edu.co', '2004-11-29', 'Medellin', 6, 3, 3.4, 0, '2023-01-15', 'Activo'),
(18, 'Juliana', 'Salazar', 'jsalazar@eafit.edu.co', '2003-03-08', 'Cali', 4, 5, 4.0, 0, '2022-01-15', 'Activo'),
(19, 'Miguel', 'Tobon', 'mtobon@eafit.edu.co', '2003-09-19', 'Medellin', 1, 5, 3.9, 0, '2022-01-15', 'Activo'),
(20, 'Andrea', 'Uribe', 'auribe@eafit.edu.co', '2004-02-14', 'Rionegro', 5, 3, 4.2, 1, '2023-01-15', 'Activo'),
(21, 'David', 'Valencia', 'dvalencia@eafit.edu.co', '2002-06-30', 'Medellin', 7, 7, 4.3, 0, '2021-01-15', 'Activo'),
(22, 'Paula', 'Zapata', 'pzapata@eafit.edu.co', '2003-12-05', 'Envigado', 1, 5, 3.8, 0, '2022-01-15', 'Activo'),
(23, 'Juan Pablo', 'Alvarez', 'jpalvarez@eafit.edu.co', '2004-07-18', 'Medellin', 2, 3, 4.1, 0, '2023-01-15', 'Activo'),
(24, 'Daniela', 'Botero', 'dbotero@eafit.edu.co', '2003-04-22', 'Bogota', 3, 5, 3.6, 0, '2022-01-15', 'Activo'),
(25, 'Esteban', 'Correa', 'ecorrea@eafit.edu.co', '2002-10-11', 'Medellin', 1, 7, 4.4, 1, '2021-01-15', 'Activo'),
(26, 'Ana Maria', 'Diaz', 'amdiaz@eafit.edu.co', '2004-01-03', 'Pereira', 8, 3, 3.5, 0, '2023-01-15', 'Activo'),
(27, 'Carlos', 'Escobar', 'cescobar@eafit.edu.co', '2003-06-14', 'Medellin', 6, 5, 4.0, 0, '2022-01-15', 'Activo'),
(28, 'Natalia', 'Fernandez', 'nfernandez@eafit.edu.co', '2003-08-27', 'Barranquilla', 4, 5, 4.5, 1, '2022-01-15', 'Activo'),
(29, 'Andres', 'Giraldo', 'agiraldo@eafit.edu.co', '2004-05-09', 'Medellin', 1, 3, 3.7, 0, '2023-01-15', 'Activo'),
(30, 'Sara', 'Hoyos', 'shoyos@eafit.edu.co', '2002-03-16', 'Manizales', 7, 7, 4.6, 1, '2021-01-15', 'Activo'),
(31, 'Rafael', 'Ibarra', 'ribarra@eafit.edu.co', '2003-11-22', 'Medellin', 2, 5, 3.4, 0, '2022-01-15', 'Activo'),
(32, 'Manuela', 'Jimenez', 'mjimenez@eafit.edu.co', '2004-09-07', 'Cali', 5, 3, 4.3, 0, '2023-01-15', 'Activo'),
(33, 'Jorge', 'Leal', 'jleal@eafit.edu.co', '2003-02-28', 'Medellin', 1, 5, 3.9, 0, '2022-01-15', 'Activo'),
(34, 'Maria Jose', 'Munoz', 'mjmunoz@eafit.edu.co', '2002-08-15', 'Bogota', 3, 7, 4.7, 1, '2021-01-15', 'Activo'),
(35, 'Diego', 'Ocampo', 'docampo@eafit.edu.co', '2004-12-01', 'Medellin', 6, 3, 3.3, 0, '2023-01-15', 'Activo'),
(36, 'Catalina', 'Posada', 'cposada@eafit.edu.co', '2003-07-20', 'Envigado', 2, 5, 4.2, 0, '2022-01-15', 'Activo'),
(37, 'Simon', 'Rico', 'srico@eafit.edu.co', '2003-04-04', 'Medellin', 1, 5, 4.1, 0, '2022-01-15', 'Activo'),
(38, 'Alejandra', 'Suarez', 'asuarez@eafit.edu.co', '2004-10-16', 'Bucaramanga', 4, 3, 3.8, 0, '2023-01-15', 'Activo'),
(39, 'Martin', 'Toro', 'mtoro@eafit.edu.co', '2002-05-08', 'Medellin', 7, 7, 3.5, 0, '2021-01-15', 'Activo'),
(40, 'Valeria', 'Urrego', 'vurrego@eafit.edu.co', '2003-09-12', 'Medellin', 1, 5, 4.0, 0, '2022-01-15', 'Activo'),
(41, 'Emmanuel', 'Velez', 'evelez@eafit.edu.co', '2004-03-25', 'Cartagena', 8, 3, 3.6, 0, '2023-01-15', 'Activo'),
(42, 'Renata', 'Wolff', 'rwolff@eafit.edu.co', '2003-01-07', 'Medellin', 5, 5, 4.4, 1, '2022-01-15', 'Activo'),
(43, 'Lucas', 'Yepes', 'lyepes@eafit.edu.co', '2002-11-18', 'Medellin', 1, 7, 3.8, 0, '2021-01-15', 'Activo'),
(44, 'Helena', 'Zuluaga', 'hzuluaga@eafit.edu.co', '2004-06-30', 'Rionegro', 3, 3, 4.5, 1, '2023-01-15', 'Activo'),
(45, 'Oscar', 'Arbelaez', 'oarbelaez@eafit.edu.co', '2003-08-09', 'Medellin', 2, 5, 3.7, 0, '2022-01-15', 'Activo'),
(46, 'Isabela', 'Cano', 'icano@eafit.edu.co', '2003-03-14', 'Bogota', 1, 5, 4.3, 0, '2022-01-15', 'Activo'),
(47, 'Joaquin', 'Duarte', 'jduarte@eafit.edu.co', '2004-07-22', 'Medellin', 6, 3, 3.2, 0, '2023-01-15', 'Activo'),
(48, 'Emilia', 'Florez', 'eflorez@eafit.edu.co', '2002-04-05', 'Medellin', 4, 7, 4.1, 0, '2021-01-15', 'Activo'),
(49, 'Jeronimo', 'Gil', 'jgil@eafit.edu.co', '2003-10-30', 'Pereira', 7, 5, 3.4, 0, '2022-01-15', 'Activo'),
(50, 'Antonia', 'Henao', 'ahenao@eafit.edu.co', '2004-02-18', 'Medellin', 1, 3, 4.6, 1, '2023-01-15', 'Activo');

CREATE TABLE inscripciones (
  id INTEGER PRIMARY KEY,
  estudiante_id INTEGER NOT NULL,
  curso_id INTEGER NOT NULL,
  fecha_inscripcion TEXT,
  nota_final REAL,
  estado TEXT DEFAULT 'Inscrito',
  FOREIGN KEY (estudiante_id) REFERENCES estudiantes(id),
  FOREIGN KEY (curso_id) REFERENCES cursos(id)
);

INSERT INTO inscripciones VALUES
(1, 1, 2, '2025-01-10', 4.3, 'Aprobado'),
(2, 1, 3, '2025-01-10', 3.8, 'Aprobado'),
(3, 1, 15, '2025-01-10', NULL, 'Inscrito'),
(4, 2, 1, '2025-01-12', 4.0, 'Aprobado'),
(5, 2, 12, '2025-01-12', 3.5, 'Aprobado'),
(6, 3, 5, '2025-01-08', 4.7, 'Aprobado'),
(7, 3, 17, '2025-01-08', 4.2, 'Aprobado'),
(8, 4, 7, '2025-01-11', 3.3, 'Aprobado'),
(9, 4, 8, '2025-01-11', NULL, 'Inscrito'),
(10, 5, 1, '2025-01-13', 4.1, 'Aprobado'),
(11, 5, 16, '2025-01-13', 3.9, 'Aprobado'),
(12, 6, 9, '2025-01-09', 4.5, 'Aprobado'),
(13, 7, 10, '2025-01-10', 3.8, 'Aprobado'),
(14, 8, 1, '2025-01-14', 4.9, 'Aprobado'),
(15, 8, 2, '2025-01-14', 4.6, 'Aprobado'),
(16, 8, 15, '2025-01-14', NULL, 'Inscrito'),
(17, 9, 11, '2025-01-10', 3.5, 'Aprobado'),
(18, 10, 5, '2025-01-11', 4.0, 'Aprobado'),
(19, 10, 6, '2025-01-11', 4.3, 'Aprobado'),
(20, 11, 12, '2025-01-12', 3.1, 'Aprobado'),
(21, 11, 13, '2025-01-12', NULL, 'Inscrito'),
(22, 12, 2, '2025-01-08', 4.8, 'Aprobado'),
(23, 12, 3, '2025-01-08', 4.5, 'Aprobado'),
(24, 12, 15, '2025-01-08', 4.7, 'Aprobado'),
(25, 13, 14, '2025-01-10', 3.6, 'Aprobado'),
(26, 14, 7, '2025-01-13', 4.6, 'Aprobado'),
(27, 14, 8, '2025-01-13', 4.2, 'Aprobado'),
(28, 15, 2, '2025-01-10', 3.0, 'Aprobado'),
(29, 15, 4, '2025-01-10', 3.3, 'Aprobado'),
(30, 16, 5, '2025-01-08', 4.9, 'Aprobado'),
(31, 16, 6, '2025-01-08', 4.7, 'Aprobado'),
(32, 16, 17, '2025-01-08', 4.8, 'Aprobado'),
(33, 17, 11, '2025-01-14', 3.2, 'Aprobado'),
(34, 18, 9, '2025-01-10', 4.1, 'Aprobado'),
(35, 19, 2, '2025-01-11', 3.7, 'Aprobado'),
(36, 19, 4, '2025-01-11', 4.0, 'Aprobado'),
(37, 20, 10, '2025-01-13', 4.4, 'Aprobado'),
(38, 21, 12, '2025-01-08', 4.5, 'Aprobado'),
(39, 21, 13, '2025-01-08', 4.1, 'Aprobado'),
(40, 22, 2, '2025-01-10', 3.9, 'Aprobado'),
(41, 22, 16, '2025-01-10', 3.6, 'Aprobado'),
(42, 23, 5, '2025-01-12', 4.2, 'Aprobado'),
(43, 24, 7, '2025-01-10', 3.4, 'Aprobado'),
(44, 24, 18, '2025-01-10', NULL, 'Inscrito'),
(45, 25, 2, '2025-01-08', 4.6, 'Aprobado'),
(46, 25, 3, '2025-01-08', 4.3, 'Aprobado'),
(47, 25, 15, '2025-01-08', 4.5, 'Aprobado'),
(48, 26, 14, '2025-01-13', 3.4, 'Aprobado'),
(49, 27, 11, '2025-01-10', 4.0, 'Aprobado'),
(50, 28, 9, '2025-01-10', 4.6, 'Aprobado'),
(51, 29, 1, '2025-01-14', 3.5, 'Aprobado'),
(52, 29, 16, '2025-01-14', NULL, 'Inscrito'),
(53, 30, 12, '2025-01-08', 4.8, 'Aprobado'),
(54, 30, 13, '2025-01-08', 4.4, 'Aprobado'),
(55, 31, 5, '2025-01-10', 3.3, 'Aprobado'),
(56, 31, 6, '2025-01-10', 3.5, 'Aprobado'),
(57, 32, 10, '2025-01-13', 4.5, 'Aprobado'),
(58, 33, 2, '2025-01-10', 3.8, 'Aprobado'),
(59, 33, 4, '2025-01-10', 4.0, 'Aprobado'),
(60, 34, 7, '2025-01-08', 4.8, 'Aprobado'),
(61, 34, 8, '2025-01-08', 4.6, 'Aprobado'),
(62, 34, 18, '2025-01-08', 4.7, 'Aprobado'),
(63, 35, 11, '2025-01-14', 3.1, 'Aprobado'),
(64, 36, 5, '2025-01-10', 4.3, 'Aprobado'),
(65, 36, 17, '2025-01-10', 4.0, 'Aprobado'),
(66, 37, 2, '2025-01-10', 4.2, 'Aprobado'),
(67, 37, 15, '2025-01-10', NULL, 'Inscrito'),
(68, 38, 9, '2025-01-13', 3.7, 'Aprobado'),
(69, 39, 12, '2025-01-08', 3.3, 'Aprobado'),
(70, 39, 13, '2025-01-08', 3.6, 'Aprobado'),
(71, 40, 2, '2025-01-10', 4.1, 'Aprobado'),
(72, 40, 4, '2025-01-10', 3.8, 'Aprobado'),
(73, 41, 14, '2025-01-13', 3.5, 'Aprobado'),
(74, 42, 10, '2025-01-10', 4.5, 'Aprobado'),
(75, 43, 2, '2025-01-08', 3.7, 'Aprobado'),
(76, 43, 3, '2025-01-08', 3.9, 'Aprobado'),
(77, 44, 7, '2025-01-13', 4.6, 'Aprobado'),
(78, 44, 18, '2025-01-13', NULL, 'Inscrito'),
(79, 45, 5, '2025-01-10', 3.6, 'Aprobado'),
(80, 45, 6, '2025-01-10', 3.8, 'Aprobado'),
(81, 46, 2, '2025-01-10', 4.4, 'Aprobado'),
(82, 46, 15, '2025-01-10', NULL, 'Inscrito'),
(83, 47, 11, '2025-01-14', 3.0, 'Aprobado'),
(84, 48, 9, '2025-01-08', 4.2, 'Aprobado'),
(85, 49, 12, '2025-01-10', 3.2, 'Aprobado'),
(86, 49, 13, '2025-01-10', NULL, 'Inscrito'),
(87, 50, 1, '2025-01-14', 4.7, 'Aprobado'),
(88, 50, 2, '2025-01-14', NULL, 'Inscrito');

CREATE TABLE notas_historial (
  id INTEGER PRIMARY KEY,
  estudiante_id INTEGER NOT NULL,
  curso_id INTEGER NOT NULL,
  semestre TEXT NOT NULL,
  nota_parcial1 REAL,
  nota_parcial2 REAL,
  nota_proyecto REAL,
  nota_final REAL,
  FOREIGN KEY (estudiante_id) REFERENCES estudiantes(id),
  FOREIGN KEY (curso_id) REFERENCES cursos(id)
);

INSERT INTO notas_historial VALUES
(1, 1, 1, '2024-1', 4.0, 4.5, 4.2, 4.2),
(2, 1, 12, '2024-1', 3.5, 4.0, 3.8, 3.8),
(3, 1, 16, '2024-2', 4.0, 4.3, 4.5, 4.3),
(4, 2, 12, '2024-2', 3.2, 3.8, 3.5, 3.5),
(5, 3, 5, '2023-1', 4.5, 4.8, 4.7, 4.7),
(6, 3, 7, '2023-2', 4.0, 4.3, 4.2, 4.2),
(7, 5, 12, '2024-2', 3.8, 4.2, 4.0, 4.0),
(8, 8, 12, '2024-2', 4.5, 4.8, 4.9, 4.7),
(9, 12, 1, '2022-1', 4.5, 4.8, 4.6, 4.6),
(10, 12, 16, '2022-2', 4.3, 4.7, 4.5, 4.5),
(11, 12, 4, '2023-1', 4.6, 4.5, 4.8, 4.6),
(12, 25, 1, '2022-1', 4.2, 4.5, 4.3, 4.3),
(13, 25, 16, '2022-2', 4.0, 4.4, 4.6, 4.3),
(14, 25, 4, '2023-1', 4.3, 4.5, 4.4, 4.4),
(15, 16, 5, '2022-1', 4.8, 4.9, 4.8, 4.8),
(16, 16, 7, '2022-2', 4.5, 4.7, 4.6, 4.6);
